quizId,name,source
FP_L1_AS,,FP_L1_AS_POC2_V1
FP_L1_DE,,FP_L1_DE_POC2_V1
FP_L1_NA,,FP_L1_NA_POC2_V1
FP_L1_NE,,FP_L1_NE_POC2_V1
PC_L1_E1,,
FP_L2_AS,,FP_L2_AS_POC2_V1
FP_L2_DE,,FP_L2_DE_POC2_V1
FP_L2_NA,,FP_L2_NA_POC2_V1
FP_L2_NE,,FP_L2_NE_POC2_V1
PC_L2_E1,,
FP_L3_AS,,
FP_L3_DE,,FP_L3_DE_POC2_V1
FP_L3_NA,,FP_L3_NA_POC2_V1
FP_L3_NE,,
PC_L3_E1,,
FP_L4_AS,,FP_L4_AS_POC2_V1
FP_L4_DE,,FP_L4_DE_POC2_V1
FP_L4_NA,,FP_L4_NA_POC2_V1
FP_L4_NE,,
PC_L4_E1,,
FP_R1_AS,,FP_R1_AS_POC2_V2
FP_R1_DE,,FP_R1_DE_POC2_V2
FP_R1_NA,,FP_R1_NA_POC2_V2
FP_R1_NE,,
PC_R1_E1,,PC_R1_E1_POC2_V2
FP_R2_AS,,FP_R2_AS_POC2_V2
FP_R2_DE,,FP_R2_DE_POC2_V2
FP_R2_NA,,FP_R2_NA_POC2_V2
FP_R2_NE,,
PC_R2_E1,,PC_R2_E1_POC2_V2
FP_R3_AS,,
FP_R3_DE,,FP_R3_DE_POC2_V2
FP_R3_NA,,FP_R3_NA_POC2_V2
FP_R3_NE,,
PC_R3_E1,,
FP_R4_AS,,
FP_R4_DE,,FP_R4_DE_POC2_V2
FP_R4_NA,,FP_R4_NA_POC2_V2
FP_R4_NE,,
PC_R4_E1,,
FP_W1_AS,,FP_W1_AS_POC2_V2
FP_W1_DE,,FP_W1_DE_POC2_V2
FP_W1_NA,,FP_W1_NA_POC2_V1
FP_W1_NE,,
PC_W1_E1,,PC_W1_E1_POC2_V2
FP_W2_AS,,FP_W2_AS_POC2_V2
FP_W2_DE,,FP_W2_DE_POC2_V2
FP_W2_NA,,FP_W2_NA_POC2_V2
FP_W2_NE,,FP_W2_NE_POC2_V2
PC_W2_E1,,PC_W2_E1_POC2_V2
FP_W3_AS,,
FP_W3_DE,,FP_W3_DE_POC2_V2
FP_W3_NA,,FP_W3_NA_POC2_V2
FP_W3_NE,,
PC_W3_E1,,
FP_W4_AS,,
FP_W4_DE,,FP_W4_DE_POC2_V2
FP_W4_NA,,FP_W4_NA_POC2_V2
FP_W4_NE,,
PC_W4_E1,,
FP_S1_AS,,FP_S1_AS_POC2_V2
FP_S1_DE,,FP_S1_DE_POC2_V2
FP_S1_NA,,FP_S1_NA_POC2_V2
FP_S1_NE,,FP_S1_NE_POC2_V2
PC_S1_E1,,PC_S1_E1_POC2_V2
FP_S2_AS,,FP_S2_AS_POC2_V2
FP_S2_DE,,FP_S2_DE_POC2_V2
FP_S2_NA,,FP_S2_NA_POC2_V2
FP_S2_NE,,FP_S2_NE_POC2_V2
PC_S2_E1,,PC_S2_E1_POC2_V2
FP_S3_AS,,FP_S3_AS_POC2_V2
FP_S3_DE,,FP_S3_DE_POC2_V2
FP_S3_NA,,FP_S3_NA_POC2_V2
FP_S3_NE,,FP_S3_NE_POC2_V2
PC_S3_E1,,
FP_S4_AS,,
FP_S4_DE,,FP_S4_DE_POC2_V2
FP_S4_NA,,FP_S4_NA_POC2_V2
FP_S4_NE,,FP_S4_NE_POC2_V2
PC_S4_E1,,
